Row Labels,Average of Default
N,0.001866601
Y,0.001200496
Grand Total,0.001404757
